sequence,accession_all,NCBI,EMBL,UNIPROT,UNIPARC
MSVKTKEKEMAVTILYEQDVDPKVIQGLKVGIIGYGSQGHAHALNLMDSGVDVRVGLREGSSSWKTAEEAGLKVTDMDTAAEEADVIMVLVPDEIQPKVYQEHIAAHLKAGNTLAFAHGFNIHYGYIVPPEDVNVIMCAPKGPGHIVRRQFTEGSGVPDLACVQQDATGNAWDIVLSYCWGVGGARSGIIKATFAEETEEDLFGEQAVLCGGLVELVKAGFETLTEAGYPPELAYFECYHEMKMIVDLMYESGIHFMNYSISNTAEYGEYYAGPKVINEQSREAMKEILKRIQDGSFAQEFVDDCNNGHKRLLEQREAINTHPIETTGAQIRSMFSWIKKED,['sp|D0WGK0|ILVC_SLAES'],[''],['ACUX02000006'],['D0WGK0'],['UPI0001BDAF6F']
MALEMFYDDDADLSIIQGRKVGVIGYGSQGHAHSLSLRDSGVQVRVGLKQGSRSRPKVEEQGLDVDTPAEVAKWADVVMVLAPDTAQAEIFAGDIEPNLKPGDALFFGHGLNVHFGLIKPPADVAVAMVAPKGPGHLVRRQFVDGKGVPCLVAVEQDPRGDGLALALSYAKAIGGTRAGVIKTTFKDETETDLFGEQTVLCGGTEELVKAGFEVMVEAGYPAELAYFEVLHELKLIVDLMYEGGLARMYYSVSDTAEFGGYLSGPRVIDAGTKERMRDILREIQDGSFVHKLVADVEGGNKQLEELRRQNAEHPIEVVGKKLRDLMSWVDRPITETA,['sp|P9WKJ7|ILVC_MYCTU'],['NP_217517.3'],['AL123456'],['P9WKJ7'],['UPI0000165165']
MLRTQAARLICNSRVITAKRTFALATRAAAYSRPAARFVKPMITTRGLKQINFGGTVETVYERADWPREKLLDYFKNDTFALIGYGSQGYGQGLNLRDNGLNVIIGVRKDGASWKAAIEDGWVPGKNLFTVEDAIKRGSYVMNLLSDAAQSETWPAIKPLLTKGKTLYFSHGFSPVFKDLTHVEPPKDLDVILVAPKGSGRTVRSLFKEGRGINSSYAVWNDVTGKAHEKAQALAVAIGSGYVYQTTFEREVNSDLYGERGCLMGGIHGMFLAQYDVLRENGHSPSEAFNETVEEATQSLYPLIGKYGMDYMYDACSTTARRGALDWYPIFKNALKPVFQDLYESTKNGTETKRSLEFNSQPDYREKLEKELDTIRNMEIWKVGKEVRKLRPENQ,['sp|P06168|ILV5_YEAST'],['NP_013459.1'],"['X04969', 'U19102', 'BK006945']",['P06168'],['UPI000012D529']
MANYFNTLNLRQQLAQLGKCRFMGRDEFADGASYLQGKKVVIVGCGAQGLNQGLNMRDSGLDISYALRKEAIAEKRASWRKATENGFKVGTYEELIPQADLVINLTPDKQHSDVVRTVQPLMKDGAALGYSHGFNIVEVGEQIRKDITVVMVAPKCPGTEVREEYKRGFGVPTLIAVHPENDPKGEGMAIAKAWAAATGGHRAGVLESSFVAEVKSDLMGEQTILCGMLQAGSLLCFDKLVEEGTDPAYAEKLIQFGWETITEALKQGGITLMMDRLSNPAKLRAYALSEQLKEIMAPLFQKHMDDIISGEFSSGMMADWANDDKKLLTWREETGKTAFETAPQYEGKIGEQEYFDKGVLMIAMVKAGVELAFETMVDSGIIEESAYYESLHELPLIANTIARKRLYEMNVVISDTAEYGNYLFSYACVPLLKPFMAELQPGDLGKAIPEGAVDNGQLRDVNEAIRSHAIEQVGKKLRGYMTDMKRIAVAG,['sp|P05793|ILVC_ECOLI'],"['NP_418222.1', 'WP_000024939.1']","['M87049', 'M11689', 'AP009048', 'U00096']",['P05793'],['UPI00001681EC']
MAATAATTFSLSSSSSTSAAASKALKQSPKPSALNLGFLGSSSTIKACRSLKAARVLPSGANGGGSALSAQMVSAPSINTPSATTFDFDSSVFKKEKVTLSGHDEYIVRGGRNLFPLLPDAFKGIKQIGVIGWGSQAPAQAQNLKDSLTEAKSDVVVKIGLRKGSNSFAEARAAGFSEENGTLGDMWETISGSDLVLLLISDSAQADNYEKVFSHMKPNSILGLSHGFLLGHLQSLGQDFPKNISVIAVCPKGMGPSVRRLYVQGKEVNGAGINSSFAVHQDVDGRATDVALGWSIALGSPFTFATTLEQEYKSDIFGERGILLGAVHGIVECLFRRYTESGMSEDLAYKNTVECITGVISKTISTKGMLALYNSLSEEGKKDFQAAYSASYYPSMDILYECYEDVASGSEIRSVVLAGRRFYEKEGLPAFPMGKIDQTRMWKVGEKVRSVRPAGDLGPLYPFTAGVYVALMMAQIEILRKKGHSYSEIINESVIEAVDSLNPFMHARGVSFMVDNCSTTARLGSRKWAPRFDYILSQQALVAVDNGAPINQDLISNFLSDPVHEAIGVCAQLRPSVDISVTADADFVRPELRQA,['sp|Q01292|ILV5_SPIOL'],[''],['X57073'],['Q01292'],['UPI000012D528']
MAAATSSIAPSLSCPSPSSSSKTLWSSKARTLALPNIGFLSSSSKSLRSLTATVAGNGATGSSLAARMVSSSAVKAPVSLDFETSVFKKEKVSLAGYEEYIVRGGRDLFKHLPDAFKGIKQIGVIGWGSQGPAQAQNLRDSLVEAKSDIVVKIGLRKGSRSFEEARAAGFTEESGTLGDIWETIAGSDLVLLLISDAAQADNYEKIFSHMKPNSILGLSHGFLLGHLQSSGLDFPKNISVVAVCPKGMGPSVRRLYVQGKEINGAGINASFAVHQDVDGRAADVALGWSVALGSPFTFATTLEQEYRSDIFGERGILLGAVHGIVESLFRRYTENGMSEDLAYKNTVECITGTISRTISTQGMLAVYNSLSEEGKKDFETAYSASFYPCMEILYECYEDVQSGSEIRSVVLAGRRFYEKEGLPAFPMGNIDQTRMWKVGERVRKSRPAGDLGPLYPFTAGVYVALMMAQIEILRKKGHSYSEIINESVIESVDSLNPFMHARGVSFMVDNCSTTARLGSRKWAPRFDYILTQQALVAVDSGAAINRDLISNFFSDPVHGAIEVCAQLRPTVDISVPADADFVRPELRQSSN,['sp|Q05758|ILV5_ARATH'],"['NP_001078309.1', 'NP_001190127.1', 'NP_191420.1']","['CP002686', 'AF324671', 'BT000822', 'X68150', 'AY096556', 'AY065398', 'AL137082', 'X69880', 'BT000669', 'AY062094', 'AF329500']",['Q05758'],['UPI0000000A7B']
MEKIYYDADISIQPLADKRIAVIGYGSQGHAHAQNLRDSGFDVVIGLRPGSSWAKAEADGFRVMAVGEAVEESDVIMILLPDERQPAVYEREIRPYLTAGKALAFAHGFNIHFSQIQPPKDVDVFMVAPKGPGHLVRRVYEAGGGVPALIAVHQDASGQAKDLALAYARGIGAGRAGILTTTFREETETDLFGEQAVLCGGLSALIKAGFETLVEAGYQPEIAYFECLHEMKLIVDLIYEGGLEYMRYSISDTAQWGDFTSGPRIINEETKKEMRRILADIQSGAFAKSWILENQANRPMFNAINRRELEHPIEVVGRKLRSMMPFIKAKRPGDDRVPATADRA,['sp|C8WR67|ILVC_ALIAD'],['WP_012811489.1'],['CP001727'],['C8WR67'],['UPI00019DDC86']
MAASTTLALSHPKTLAAAAAAAPKAPTAPAAVSFPVSHAACAPLAARRRAVTAMVAAPPAVGAAMPSLDFDTSVFNKEKVSLAGHEEYIVRGGRNLFPLLPEAFKGIKQIGVIGWGSQGPAQAQNLRDSLAEAKSDIVVKIGLRKGSKSFDEARAAGFTEESGTLGDIWETVSGSDLVLLLISDAAQADNYEKIFSHMKPNSILGLSHGFLLGHLQSAGLDFPKNISVIAVCPKGMGPSVRRLYVQGKEINGAGINSSFAVHQDVDGRATDVALGWSVALGSPFTFATTLEQEYKSDIFGERGILLGAVHGIVEALFRRYTEQGMDEEMAYKNTVEGITGIISKTISKKGMLEVYNSLTEEGKKEFNKAYSASFYPCMDILYECYEDVASGSEIRSVVLAGRRFYEKEGLPAFPMGNIDQTRMWKVGEKVRSTRPENDLGPLHPFTAGVYVALMMAQIEVLRKKGHSYSEIINESVIESVDSLNPFMHARGVAFMVDNCSTTARLGSRKWAPRFDYILTQQAFVTVDKDAPINQDLISNFMSDPVHGAIEVCAELRPTVDISVPANADFVRPELRQSS,['sp|Q65XK0|ILV5_ORYSJ'],['XP_015640421.1'],"['AC104284', 'AK065295', 'AP014961', 'AP008211']",['Q65XK0'],['UPI000043F41B']
MARMYYDQDANLDLLAGKTVAIIGYGSQGHAHALNLKDSGVNVVVGLYSGSKSVAKAEGAGLKVLSVAEAAKAADLIMILLPDEVQKTVYEAEIAPNLVAGNVLLFAHGFNINFAQIVPPADVDVVMAAPKGPGHLVRRTYEQGQGVPALFAVYQDASGQARDYAMAYAKGIGGTRAGILETTFREETETDLFGEQVVLCGGLTALIKAGFDTLVEAGYQPELAYFECLHEVKLIVDLIVEGGLAKMRDSISNTAEYGDLTRGPRIVTEETKAEMRQILDEIQSGQFAREFVLENQAGKPGFTAMRRRESEELIEEVGKDLRAMFSWLKDR,['sp|P29107|ILVC_SYNY3'],[''],['BA000022'],['P29107'],['UPI0000ED91F7']
MAVTMYYEDDVEVSALAGKQIAVIGYGSQGHAHAQNLRDSGHNVIIGVRHGKSFDKAKEDGFETFEVGEAVAKADVIMVLAPDELQQSIYEEDIKPNLKAGSALGFAHGFNIHFGYIKVPEDVDVFMVAPKAPGHLVRRTYTEGFGTPALFVSHQNASGHAREIAMDWAKGIGCARVGIIETTFKEETEEDLFGEQAVLCGGLTALVEAGFETLTEAGYAGELAYFEVLHEMKLIVDLMYEGGFTKMRQSISNTAEFGDYVTGPRIITDAVKKNMKLVLADIQSGKFAQDFVDDFKAGRPKLTAYREAAKNLEIEKIGAELRKAMPFTQSGDDDAFKIYQ,['sp|Q02138|ILVC_LACLA'],"['NP_267382.1', 'WP_003131136.1']","['U92974', 'AE005176']",['Q02138'],['UPI000012D54D']
MANYFNTLNLRQQLAQLGKCRFMGRDEFADGASYLQGKKVVIVGCGAQGLNQGLNMRDSGLDISYALRKEAIAEKRASWRKATENGFKVGTYEELIPQADLVVNLTPDKQHSDVVRSVQPLMKDGAALGYSHGFNIVEVGEQIRKDITVVMVAPKCPGTEVREEYKRGFGVPTLIAVHPENDPQGEGMAIAKAWAAATGGHRAGVLESSFVAEVKSDLMGEQTILCGMLQAGSLLCFDKLVAEGTDPAYAEKLIQFGWETITEALKQGGITLMMDRLSNPAKLRAYALSEQLKEIMAPLFQKHMDDIISGEFSSGMMADWANDDKKLLTWREETGKTAFETAPQYEGKIGEQEYFDKGVLMIAMVKAGVELAFETMVDSGIIEESAYYESLHELPLIANTIARKRLYEMNVVISDTAEYGNYLFSYACVPLLKPFMAELQPGDLGSAIPEGAVDNAQLRDVNDAIRSHAIEQVGKKLRGYMTDMKRIAVAG,['sp|P05989|ILVC_SALTY'],"['WP_000024948.1', 'NP_462800.1']","['AF233324', 'AE006468', 'K03522']",['P05989'],['UPI000016229E']
MRVFYDKDCDLSIIQGKKVAIIGYGSQGHAHACNLKDSGVDVTVGLRSGSATVAKAEAHGLKVADVKTAVAAADVVMILTPDEFQGRLYKEEIEPNLKKGATLAFAHGFSIHYNQVVPRADLDVIMIAPKAPGHTVRSEFVKGGGIPDLIAIYQDASGNAKNVALSYACGVGGGRTGIIETTFKDETETDLFGEQAVLCGGCVELVKAGFETLVEAGYAPEMAYFECLHELKLIVDLMYEGGIANMNYSISNNAEYGEYVTGPEVINAESRAAMRNALKRIQDGEYAKMFITEGAANYPSMTAYRRNNAAHPIEQIGEKLRAMMPWIAANKIVDKSKN,['sp|Q9HVA2|ILVC_PSEAE'],"['WP_003095066.1', 'NP_253382.1']",['AE004091'],['Q9HVA2'],['UPI000012D557']
MSFRNSSRMAMKALRTMGSRRLATRSMSVMARTIAAPSMRFAPRMTAPLMQTRGMRVMDFAGTKENVWERSDWPREKLVDYFKNDTLAIIGYGSQGHGQGLNARDQGLNVIVGVRKDGASWKQAIEDGWVPGKTLFPVEEAIKKGSIIMNLLSDAAQTETWPKIAPLITKGKTLYFSHGFSVIFKDQTKIHPPKDVDVILVAPKGSGRTVRTLFKEGRGINSSFAVYQDVTGKAQEKAIGLAVAVGSGFIYQTTFKKEVISDLVGERGCLMGGINGLFLAQYQVLRERGHSPAEAFNETVEEATQSLYPLIGKYGLDYMFAACSTTARRGAIDWTPRFLEANKKVLNELYDNVENGNEAKRSLEYNSAPNYRELYDKELEEIRNLEIWKAGEVVRSLRPEHNKH,['sp|P78827|ILV5_SCHPO'],['NP_001018845.2'],"['CU329671', 'D89175', 'AB009603']",['P78827'],['UPI000012D527']
MKVYYDKDCDLSIIQSKKVAIIGYGSQGHAHACNLKDSGVDVYVGLRAGSASVAKAEAHGLTVKSVKDAVAAADVVMILTPDEFQGRLYKDEIEPNLKKGATLAFAHGFSIHYNQVVPRADLDVIMIAPKAPGHTVRSEFVRGGGIPDLIAVYQDASGNAKNLALSYACGVGGGRTGIIETTFKDETETDLFGEQAVLCGGCVELVKAGFETLVEAGYAPEMAYFECLHELKLIVDLMFEGGIANMNYSISNNAEYGEYVTGPEVINEQSRQAMRNALKRIQDGEYAKMFITEGAANYPSMTAYRRNNAAHQIEVVGEKLRTMMPWIAANKIVDKTKN,['sp|C1DFH7|ILVC_AZOVD'],['WP_012702741.1'],['CP001157'],['C1DFH7'],['UPI0000389A38']
MAIELLYDADADLSLIQGRKVAIVGYGSQGHAHSQNLRDSGVEVVIGLREGSKSAEKAKEAGFEVKTTAEAAAWADVIMLLAPDTSQAEIFTNDIEPNLNAGDALLFGHGLNIHFDLIKPADDIIVGMVAPKGPGHLVRRQFVDGKGVPCLIAVDQDPTGTAQALTLSYAAAIGGARAGVIPTTFEAETVTDLFGEQAVLCGGTEELVKVGFEVLTEAGYEPEMAYFEVLHELKLIVDLMFEGGISNMNYSVSDTAEFGGYLSGPRVIDADTKSRMKDILTDIQDGTFTKRLIANVENGNTELEGLRASYNNHPIEETGAKLRDLMSWVKVDARAETA,['sp|Q57179|ILVC_CORGL'],"['WP_003854117.1', 'NP_600495.1']","['BX927151', 'L09232', 'BA000036', 'D14551']",['Q57179'],['UPI00000363EC']
MAARNCTKALRPLARQLATPAVQRRTFVAAASAVRASVAVKAVAAPARQQVRGVKTMDFAGHKEEVHERADWPAEKLLDYFKNDTLALIGYGSQGHGQGLNLRDNGLNVIVGVRKNGKSWEDAIQDGWVPGKNLFDVDEAISRGTIVMNLLSDAAQSETWPHIKPQITKGKTLYFSHGFSPVFKDLTKVEVPTDVDVILVAPKGSGRTVRSLFREGRGINSSFAVYQDVTGKAKEKAVALGVAVGSGYLYETTFEKEVYSDLYGERGCLMGGIHGMFLAQYEVLRERGHSPSEAFNETVEEATQSLYPLIGAHGMDWMFDACSTTARRGAIDWTPKFKDALKPVFNNLYDSVKNGDETKRSLEYNSQPDYRERYEAELDEIRNLEIWRAGKAVRSLRPENQK,['sp|P38674|ILV5_NEUCR'],['XP_961335.1'],"['M84189', 'AL670005', 'CM002240']",['P38674'],['UPI000006C3B3']
MSAKMYYDRDVDTQVLENKLIAIIGYGSQAHAHAQNLRDSGFNVVVGLREGSSSKAKAEQAGLRVASIEDATKEADVVMLLIPDEQQPAVYEKSIAPHLTAGKALAFGHGFNVHFGRIKPPADVDVFLVAPKGPGHMLRRVYTDGAGMPGIFAVQQDASGKARDIALAYARGIGCTKAGVLETTFKEETETDLFGEQSVLCGGVTHLIQAGFETLVEAGYQPEIAYFETLHEVKLIVDLIYEKGFEGMRHSISNTAEFGDYVTGPRIITDQTKAEMKNVLGDIQSGKFAESFIKDAESGFPYMNEQRSKMRDHTVEKVGKELRDQMPFINKKELEV,['sp|Q9RU74|ILVC_DEIRA'],"['WP_027480217.1', 'NP_295242.1']",['AE000513'],['Q9RU74'],['UPI000012D547']
MTETKTQTETETDEEEGTDTDTALDTTIYYDDDADREYIDDKTVAVLGYGSQGHAHAQNLADSGIDVIVGLYEGSSSRDAARADGLRVETPATAADEADIVSVLVPDTVQPDVFEAIQDGLDAGDTLQFAHGFNIHYNQIQPPADVDVTMVAPKAPGHLVRRNYEAGEGTPGLVAVYQNTTGTARKEAVAYAHAIGCTRAGAIETTFREETETDLFGEQAVLCGGATALVKQGYETLVDAGYSPEMAYFECLNELKLIVDLMYEGGLSEMWNSVSDTAEYGGLTRGNQVIDESVREEMESILEGVQDGTFAREWISENQANRPSYTQLKAAEEAHEIEAVGEPLRDLFAWSDNEETNDESDVVSEPEAAADD,['sp|Q18GT4|ILVC_HALWD'],['WP_011571927.1'],['AM180088'],['Q18GT4'],['UPI0000DA03FF']
MAKVYYEKDVTVNVLKEKKVAIIGYGSQGHAHAQNLRDNGFDVVVGLRKGKSWDKANEDGFSVYTVAEAAEKADVVMILLPDELQPEVYEAEIAPNLQAGNSLVFAHGFNVHFDQVKPPANVDVFLVAPKGPGHLVRRTFAEGGAVPALFAVYQDATGVATEKALSYADGIGATRAGVLETTFKEETETDLFGEQAVLCGGVTALVKAGFETLVDAGYQPELAYFECLHELKLIVDLMYEGGLENMRYSVSDTAQWGDFVSGPRVVTEDTKKAMGAVLAEIQDGTFARGWIAEHKAGRPNFHATNEKENKHEIEVVGRKLREMMPFVQPRVKVGVK,['sp|Q81G13|ILVC1_BACCR'],"['NP_831179.1', 'WP_001151741.1']",['AE016877'],['Q81G13'],['UPI0000E444BD']
MKCTSKIYTDNDANLDLIKGKRIAVLGYGSQGRAWAQNLRDSGLNVVVGLEREGKSWELAKSDGITPLHTKDAVKDADIIIFLVPDMVQRTLWLESVQPYMKKGADLVFAHGFNIHYKLIDPPKDSDVYMIAPKGPGPTVREYYKAGGGVPALVAVHQDVSGTALHKALAIAKGIGATRAGVIPTTFKEETETDLFGEQVILVGGIMELMRAAFETLVEEGYQPEVAYFETINELKMLVDLVYEKGISGMLKAVSDTAKYGGMTVGKFVIDESVRKRMKEALQRIKSGKFAEEWVEEYGRGMPTVVNGLSNVQNSLEEKIGNQLRDLVQKGKPKS,['sp|Q9UWX9|ILVC_SACS2'],['WP_009991091.1'],"['Y18930', 'AE006641']",['Q9UWX9'],['UPI000012D50D']
MAELFYDADADLSIIQGRKVAVIGYGSQGHAHALSLRDSGVDVRVGLHEGSKSKAKAEEQGLRVVPVAEAAAEADVIMILVPDPIQAEVYEKDIKDNLKDGDALFFGHGLNIRYGFIKPPAGVDVCMVAPKGPGHLVRRQYEEGRGVPCIAAVEQDATGNAFALALSYAKGIGGTRAGVIKTTFTEETETDLFGEQAVLCGGTAALVKAGFETLTEAGYQPEIAYFECLHELKLIVDLMYEGGLEKMRWSISETAEWGDYVTGPRIITDATKAEMKKVLAEIQDGTFAKNWMDEYHGGLKKYNEYKKQDSEHLLETTGKELRKLMSWVDEEA,['sp|Q9Z565|ILVC1_STRCO'],"['NP_629649.1', 'WP_003973482.1']",['AL939124'],['Q9Z565'],['UPI000012D50C']
MANYFNTLNLRQQLAQLGKCRFMGRDEFADGASYLQGKKVVIVGCGAQGLNQGLNMRDSGLDISYALRKEAIAEKRASWRKATENGFKVGTYEELIPQADLVVNLTPDKQHSDVVRTVQPLMKDGAALGYSHGFNIVEVGEQIRKDITVVMVAPKCPGTEVREEYKRGFGVPTLIAVHPENDPKGEGMAIAKAWAAATGGHRAGVLESSFVAEVKSDLMGEQTILCGMLQAGSLLCFDKLVEEGTDPAYAEKLIQFGWETITEALKQGGITLMMDRLSNPAKLRAYALSEQLKEIMAPLFQKHMDDIISGEFSSGMMADWANDDKKLLTWREETGKTAFETAPQYEGKIGEQEYFDKGVLMIAMVKAGVELAFETMVDSGIIEESAYYESLHELPLIANTIARKRLYEMNVVISDTAEYGNYLFSYACVPLLKPFMAELQPGDLGKAIPEGAVDNAQLRDVNEAIRSHAIEQVGKKLRGYMTDMKRIAVAG,['sp|Q8FBR2|ILVC_ECOL6'],['WP_000024951.1'],['AE014075'],['Q8FBR2'],['UPI00005EFD37']
MVKIFYDKDVTFDAVKDKTIAVIGYGSQGRAQALNMKDSGLNVIVGLRPNGASWNKAIKDGHKVMTIEEAAEKADIIHILIPDEVQPAVYKKQIEPYLTEGKTISFSHGYNIHYGFIRPPENVNITMVAPKSPGAMVRKTYEEGFGVPGLVAVERDYTGDALQIALGMAKGIGLTKVGVIQTTFREETETDLFGEQVVLCGGVTELIKAAFETLVEAGYAPEMAYFETCHELKLIVDLIYQKGLQGMWENVSNTAEYGGLTRRARVINEESRKAMKEILKEIQDGRFAKEWSLEREAGFPHLNALRRLEKEHLIEKVGKELRKMCGLEKE,['sp|Q58938|ILVC_METJA'],['WP_064496863.1'],['L77117'],['Q58938'],['UPI0000E444C2']
MFYDDNADLSIIQRRKVGVIGYGSQGYAHSLSLRDSGVQVRVGLPEGSKSRPKAFEQGLDVDTPAEVAKWADVIMLLVPDTAQADVFENDIEPNLQPGDALFFGHGLNIHFELVKPSGDVTVAMVAPKGPGYLVRRQFVDGKGVPCLIAVNQDPTGTGEALALSYAKAIGGTRAGVIKTTFKDETETDLFGEQAVLCGGTEELVKAGFDVMVEAGYPPEMAYFEVLHELKLIVDLMYEGGIARMNYSVSDTAEFGGYLSGPRVIDADTKERMRGILRDIQDGSFVKKLVANVEGGNKQLEVLRKENAEHPIEVTGKKLRDLMSWVDRQSTETA,['sp|O33114|ILVC_MYCLE'],"['WP_010908485.1', 'NP_302164.1']","['AL583923', 'Z99263']",['O33114'],['UPI000012D552']
