accession,truncated_info,extracted_id,extracted_name,sequence,original_fasta
sp|D0WGK0|ILVC_SLAES,sp|D0WGK0|ILVC_SLAES,D0WGK0,ILVC_SLAES,MSVKTKEKEMAVTILYEQDVDPKVIQGLKVGIIGYGSQGHAHALNLMDSGVDVRVGLREGSSSWKTAEEAGLKVTDMDTAAEEADVIMVLVPDEIQPKVYQEHIAAHLKAGNTLAFAHGFNIHYGYIVPPEDVNVIMCAPKGPGHIVRRQFTEGSGVPDLACVQQDATGNAWDIVLSYCWGVGGARSGIIKATFAEETEEDLFGEQAVLCGGLVELVKAGFETLTEAGYPPELAYFECYHEMKMIVDLMYESGIHFMNYSISNTAEYGEYYAGPKVINEQSREAMKEILKRIQDGSFAQEFVDDCNNGHKRLLEQREAINTHPIETTGAQIRSMFSWIKKED,workflows/example_workflow/fasta/kari_example_ec_1_1_1_86.fasta
sp|P9WKJ7|ILVC_MYCTU,sp|P9WKJ7|ILVC_MYCTU,P9WKJ7,ILVC_MYCTU,MALEMFYDDDADLSIIQGRKVGVIGYGSQGHAHSLSLRDSGVQVRVGLKQGSRSRPKVEEQGLDVDTPAEVAKWADVVMVLAPDTAQAEIFAGDIEPNLKPGDALFFGHGLNVHFGLIKPPADVAVAMVAPKGPGHLVRRQFVDGKGVPCLVAVEQDPRGDGLALALSYAKAIGGTRAGVIKTTFKDETETDLFGEQTVLCGGTEELVKAGFEVMVEAGYPAELAYFEVLHELKLIVDLMYEGGLARMYYSVSDTAEFGGYLSGPRVIDAGTKERMRDILREIQDGSFVHKLVADVEGGNKQLEELRRQNAEHPIEVVGKKLRDLMSWVDRPITETA,workflows/example_workflow/fasta/kari_example_ec_1_1_1_86.fasta
sp|P06168|ILV5_YEAST,sp|P06168|ILV5_YEAST,P06168,ILV5_YEAST,MLRTQAARLICNSRVITAKRTFALATRAAAYSRPAARFVKPMITTRGLKQINFGGTVETVYERADWPREKLLDYFKNDTFALIGYGSQGYGQGLNLRDNGLNVIIGVRKDGASWKAAIEDGWVPGKNLFTVEDAIKRGSYVMNLLSDAAQSETWPAIKPLLTKGKTLYFSHGFSPVFKDLTHVEPPKDLDVILVAPKGSGRTVRSLFKEGRGINSSYAVWNDVTGKAHEKAQALAVAIGSGYVYQTTFEREVNSDLYGERGCLMGGIHGMFLAQYDVLRENGHSPSEAFNETVEEATQSLYPLIGKYGMDYMYDACSTTARRGALDWYPIFKNALKPVFQDLYESTKNGTETKRSLEFNSQPDYREKLEKELDTIRNMEIWKVGKEVRKLRPENQ,workflows/example_workflow/fasta/kari_example_ec_1_1_1_86.fasta
sp|P05793|ILVC_ECOLI,sp|P05793|ILVC_ECOLI,P05793,ILVC_ECOLI,MANYFNTLNLRQQLAQLGKCRFMGRDEFADGASYLQGKKVVIVGCGAQGLNQGLNMRDSGLDISYALRKEAIAEKRASWRKATENGFKVGTYEELIPQADLVINLTPDKQHSDVVRTVQPLMKDGAALGYSHGFNIVEVGEQIRKDITVVMVAPKCPGTEVREEYKRGFGVPTLIAVHPENDPKGEGMAIAKAWAAATGGHRAGVLESSFVAEVKSDLMGEQTILCGMLQAGSLLCFDKLVEEGTDPAYAEKLIQFGWETITEALKQGGITLMMDRLSNPAKLRAYALSEQLKEIMAPLFQKHMDDIISGEFSSGMMADWANDDKKLLTWREETGKTAFETAPQYEGKIGEQEYFDKGVLMIAMVKAGVELAFETMVDSGIIEESAYYESLHELPLIANTIARKRLYEMNVVISDTAEYGNYLFSYACVPLLKPFMAELQPGDLGKAIPEGAVDNGQLRDVNEAIRSHAIEQVGKKLRGYMTDMKRIAVAG,workflows/example_workflow/fasta/kari_example_ec_1_1_1_86.fasta
sp|Q01292|ILV5_SPIOL,sp|Q01292|ILV5_SPIOL,Q01292,ILV5_SPIOL,MAATAATTFSLSSSSSTSAAASKALKQSPKPSALNLGFLGSSSTIKACRSLKAARVLPSGANGGGSALSAQMVSAPSINTPSATTFDFDSSVFKKEKVTLSGHDEYIVRGGRNLFPLLPDAFKGIKQIGVIGWGSQAPAQAQNLKDSLTEAKSDVVVKIGLRKGSNSFAEARAAGFSEENGTLGDMWETISGSDLVLLLISDSAQADNYEKVFSHMKPNSILGLSHGFLLGHLQSLGQDFPKNISVIAVCPKGMGPSVRRLYVQGKEVNGAGINSSFAVHQDVDGRATDVALGWSIALGSPFTFATTLEQEYKSDIFGERGILLGAVHGIVECLFRRYTESGMSEDLAYKNTVECITGVISKTISTKGMLALYNSLSEEGKKDFQAAYSASYYPSMDILYECYEDVASGSEIRSVVLAGRRFYEKEGLPAFPMGKIDQTRMWKVGEKVRSVRPAGDLGPLYPFTAGVYVALMMAQIEILRKKGHSYSEIINESVIEAVDSLNPFMHARGVSFMVDNCSTTARLGSRKWAPRFDYILSQQALVAVDNGAPINQDLISNFLSDPVHEAIGVCAQLRPSVDISVTADADFVRPELRQA,workflows/example_workflow/fasta/kari_example_ec_1_1_1_86.fasta
sp|Q05758|ILV5_ARATH,sp|Q05758|ILV5_ARATH,Q05758,ILV5_ARATH,MAAATSSIAPSLSCPSPSSSSKTLWSSKARTLALPNIGFLSSSSKSLRSLTATVAGNGATGSSLAARMVSSSAVKAPVSLDFETSVFKKEKVSLAGYEEYIVRGGRDLFKHLPDAFKGIKQIGVIGWGSQGPAQAQNLRDSLVEAKSDIVVKIGLRKGSRSFEEARAAGFTEESGTLGDIWETIAGSDLVLLLISDAAQADNYEKIFSHMKPNSILGLSHGFLLGHLQSSGLDFPKNISVVAVCPKGMGPSVRRLYVQGKEINGAGINASFAVHQDVDGRAADVALGWSVALGSPFTFATTLEQEYRSDIFGERGILLGAVHGIVESLFRRYTENGMSEDLAYKNTVECITGTISRTISTQGMLAVYNSLSEEGKKDFETAYSASFYPCMEILYECYEDVQSGSEIRSVVLAGRRFYEKEGLPAFPMGNIDQTRMWKVGERVRKSRPAGDLGPLYPFTAGVYVALMMAQIEILRKKGHSYSEIINESVIESVDSLNPFMHARGVSFMVDNCSTTARLGSRKWAPRFDYILTQQALVAVDSGAAINRDLISNFFSDPVHGAIEVCAQLRPTVDISVPADADFVRPELRQSSN,workflows/example_workflow/fasta/kari_example_ec_1_1_1_86.fasta
sp|C8WR67|ILVC_ALIAD,sp|C8WR67|ILVC_ALIAD,C8WR67,ILVC_ALIAD,MEKIYYDADISIQPLADKRIAVIGYGSQGHAHAQNLRDSGFDVVIGLRPGSSWAKAEADGFRVMAVGEAVEESDVIMILLPDERQPAVYEREIRPYLTAGKALAFAHGFNIHFSQIQPPKDVDVFMVAPKGPGHLVRRVYEAGGGVPALIAVHQDASGQAKDLALAYARGIGAGRAGILTTTFREETETDLFGEQAVLCGGLSALIKAGFETLVEAGYQPEIAYFECLHEMKLIVDLIYEGGLEYMRYSISDTAQWGDFTSGPRIINEETKKEMRRILADIQSGAFAKSWILENQANRPMFNAINRRELEHPIEVVGRKLRSMMPFIKAKRPGDDRVPATADRA,workflows/example_workflow/fasta/kari_example_ec_1_1_1_86.fasta
sp|Q65XK0|ILV5_ORYSJ,sp|Q65XK0|ILV5_ORYSJ,Q65XK0,ILV5_ORYSJ,MAASTTLALSHPKTLAAAAAAAPKAPTAPAAVSFPVSHAACAPLAARRRAVTAMVAAPPAVGAAMPSLDFDTSVFNKEKVSLAGHEEYIVRGGRNLFPLLPEAFKGIKQIGVIGWGSQGPAQAQNLRDSLAEAKSDIVVKIGLRKGSKSFDEARAAGFTEESGTLGDIWETVSGSDLVLLLISDAAQADNYEKIFSHMKPNSILGLSHGFLLGHLQSAGLDFPKNISVIAVCPKGMGPSVRRLYVQGKEINGAGINSSFAVHQDVDGRATDVALGWSVALGSPFTFATTLEQEYKSDIFGERGILLGAVHGIVEALFRRYTEQGMDEEMAYKNTVEGITGIISKTISKKGMLEVYNSLTEEGKKEFNKAYSASFYPCMDILYECYEDVASGSEIRSVVLAGRRFYEKEGLPAFPMGNIDQTRMWKVGEKVRSTRPENDLGPLHPFTAGVYVALMMAQIEVLRKKGHSYSEIINESVIESVDSLNPFMHARGVAFMVDNCSTTARLGSRKWAPRFDYILTQQAFVTVDKDAPINQDLISNFMSDPVHGAIEVCAELRPTVDISVPANADFVRPELRQSS,workflows/example_workflow/fasta/kari_example_ec_1_1_1_86.fasta
sp|P29107|ILVC_SYNY3,sp|P29107|ILVC_SYNY3,P29107,ILVC_SYNY3,MARMYYDQDANLDLLAGKTVAIIGYGSQGHAHALNLKDSGVNVVVGLYSGSKSVAKAEGAGLKVLSVAEAAKAADLIMILLPDEVQKTVYEAEIAPNLVAGNVLLFAHGFNINFAQIVPPADVDVVMAAPKGPGHLVRRTYEQGQGVPALFAVYQDASGQARDYAMAYAKGIGGTRAGILETTFREETETDLFGEQVVLCGGLTALIKAGFDTLVEAGYQPELAYFECLHEVKLIVDLIVEGGLAKMRDSISNTAEYGDLTRGPRIVTEETKAEMRQILDEIQSGQFAREFVLENQAGKPGFTAMRRRESEELIEEVGKDLRAMFSWLKDR,workflows/example_workflow/fasta/kari_example_ec_1_1_1_86.fasta
sp|Q02138|ILVC_LACLA,sp|Q02138|ILVC_LACLA,Q02138,ILVC_LACLA,MAVTMYYEDDVEVSALAGKQIAVIGYGSQGHAHAQNLRDSGHNVIIGVRHGKSFDKAKEDGFETFEVGEAVAKADVIMVLAPDELQQSIYEEDIKPNLKAGSALGFAHGFNIHFGYIKVPEDVDVFMVAPKAPGHLVRRTYTEGFGTPALFVSHQNASGHAREIAMDWAKGIGCARVGIIETTFKEETEEDLFGEQAVLCGGLTALVEAGFETLTEAGYAGELAYFEVLHEMKLIVDLMYEGGFTKMRQSISNTAEFGDYVTGPRIITDAVKKNMKLVLADIQSGKFAQDFVDDFKAGRPKLTAYREAAKNLEIEKIGAELRKAMPFTQSGDDDAFKIYQ,workflows/example_workflow/fasta/kari_example_ec_1_1_1_86.fasta
sp|P05989|ILVC_SALTY,sp|P05989|ILVC_SALTY,P05989,ILVC_SALTY,MANYFNTLNLRQQLAQLGKCRFMGRDEFADGASYLQGKKVVIVGCGAQGLNQGLNMRDSGLDISYALRKEAIAEKRASWRKATENGFKVGTYEELIPQADLVVNLTPDKQHSDVVRSVQPLMKDGAALGYSHGFNIVEVGEQIRKDITVVMVAPKCPGTEVREEYKRGFGVPTLIAVHPENDPQGEGMAIAKAWAAATGGHRAGVLESSFVAEVKSDLMGEQTILCGMLQAGSLLCFDKLVAEGTDPAYAEKLIQFGWETITEALKQGGITLMMDRLSNPAKLRAYALSEQLKEIMAPLFQKHMDDIISGEFSSGMMADWANDDKKLLTWREETGKTAFETAPQYEGKIGEQEYFDKGVLMIAMVKAGVELAFETMVDSGIIEESAYYESLHELPLIANTIARKRLYEMNVVISDTAEYGNYLFSYACVPLLKPFMAELQPGDLGSAIPEGAVDNAQLRDVNDAIRSHAIEQVGKKLRGYMTDMKRIAVAG,workflows/example_workflow/fasta/kari_example_ec_1_1_1_86.fasta
sp|Q9HVA2|ILVC_PSEAE,sp|Q9HVA2|ILVC_PSEAE,Q9HVA2,ILVC_PSEAE,MRVFYDKDCDLSIIQGKKVAIIGYGSQGHAHACNLKDSGVDVTVGLRSGSATVAKAEAHGLKVADVKTAVAAADVVMILTPDEFQGRLYKEEIEPNLKKGATLAFAHGFSIHYNQVVPRADLDVIMIAPKAPGHTVRSEFVKGGGIPDLIAIYQDASGNAKNVALSYACGVGGGRTGIIETTFKDETETDLFGEQAVLCGGCVELVKAGFETLVEAGYAPEMAYFECLHELKLIVDLMYEGGIANMNYSISNNAEYGEYVTGPEVINAESRAAMRNALKRIQDGEYAKMFITEGAANYPSMTAYRRNNAAHPIEQIGEKLRAMMPWIAANKIVDKSKN,workflows/example_workflow/fasta/kari_example_ec_1_1_1_86.fasta
sp|P78827|ILV5_SCHPO,sp|P78827|ILV5_SCHPO,P78827,ILV5_SCHPO,MSFRNSSRMAMKALRTMGSRRLATRSMSVMARTIAAPSMRFAPRMTAPLMQTRGMRVMDFAGTKENVWERSDWPREKLVDYFKNDTLAIIGYGSQGHGQGLNARDQGLNVIVGVRKDGASWKQAIEDGWVPGKTLFPVEEAIKKGSIIMNLLSDAAQTETWPKIAPLITKGKTLYFSHGFSVIFKDQTKIHPPKDVDVILVAPKGSGRTVRTLFKEGRGINSSFAVYQDVTGKAQEKAIGLAVAVGSGFIYQTTFKKEVISDLVGERGCLMGGINGLFLAQYQVLRERGHSPAEAFNETVEEATQSLYPLIGKYGLDYMFAACSTTARRGAIDWTPRFLEANKKVLNELYDNVENGNEAKRSLEYNSAPNYRELYDKELEEIRNLEIWKAGEVVRSLRPEHNKH,workflows/example_workflow/fasta/kari_example_ec_1_1_1_86.fasta
sp|C1DFH7|ILVC_AZOVD,sp|C1DFH7|ILVC_AZOVD,C1DFH7,ILVC_AZOVD,MKVYYDKDCDLSIIQSKKVAIIGYGSQGHAHACNLKDSGVDVYVGLRAGSASVAKAEAHGLTVKSVKDAVAAADVVMILTPDEFQGRLYKDEIEPNLKKGATLAFAHGFSIHYNQVVPRADLDVIMIAPKAPGHTVRSEFVRGGGIPDLIAVYQDASGNAKNLALSYACGVGGGRTGIIETTFKDETETDLFGEQAVLCGGCVELVKAGFETLVEAGYAPEMAYFECLHELKLIVDLMFEGGIANMNYSISNNAEYGEYVTGPEVINEQSRQAMRNALKRIQDGEYAKMFITEGAANYPSMTAYRRNNAAHQIEVVGEKLRTMMPWIAANKIVDKTKN,workflows/example_workflow/fasta/kari_example_ec_1_1_1_86.fasta
sp|Q57179|ILVC_CORGL,sp|Q57179|ILVC_CORGL,Q57179,ILVC_CORGL,MAIELLYDADADLSLIQGRKVAIVGYGSQGHAHSQNLRDSGVEVVIGLREGSKSAEKAKEAGFEVKTTAEAAAWADVIMLLAPDTSQAEIFTNDIEPNLNAGDALLFGHGLNIHFDLIKPADDIIVGMVAPKGPGHLVRRQFVDGKGVPCLIAVDQDPTGTAQALTLSYAAAIGGARAGVIPTTFEAETVTDLFGEQAVLCGGTEELVKVGFEVLTEAGYEPEMAYFEVLHELKLIVDLMFEGGISNMNYSVSDTAEFGGYLSGPRVIDADTKSRMKDILTDIQDGTFTKRLIANVENGNTELEGLRASYNNHPIEETGAKLRDLMSWVKVDARAETA,workflows/example_workflow/fasta/kari_example_ec_1_1_1_86.fasta
sp|P38674|ILV5_NEUCR,sp|P38674|ILV5_NEUCR,P38674,ILV5_NEUCR,MAARNCTKALRPLARQLATPAVQRRTFVAAASAVRASVAVKAVAAPARQQVRGVKTMDFAGHKEEVHERADWPAEKLLDYFKNDTLALIGYGSQGHGQGLNLRDNGLNVIVGVRKNGKSWEDAIQDGWVPGKNLFDVDEAISRGTIVMNLLSDAAQSETWPHIKPQITKGKTLYFSHGFSPVFKDLTKVEVPTDVDVILVAPKGSGRTVRSLFREGRGINSSFAVYQDVTGKAKEKAVALGVAVGSGYLYETTFEKEVYSDLYGERGCLMGGIHGMFLAQYEVLRERGHSPSEAFNETVEEATQSLYPLIGAHGMDWMFDACSTTARRGAIDWTPKFKDALKPVFNNLYDSVKNGDETKRSLEYNSQPDYRERYEAELDEIRNLEIWRAGKAVRSLRPENQK,workflows/example_workflow/fasta/kari_example_ec_1_1_1_86.fasta
sp|Q9RU74|ILVC_DEIRA,sp|Q9RU74|ILVC_DEIRA,Q9RU74,ILVC_DEIRA,MSAKMYYDRDVDTQVLENKLIAIIGYGSQAHAHAQNLRDSGFNVVVGLREGSSSKAKAEQAGLRVASIEDATKEADVVMLLIPDEQQPAVYEKSIAPHLTAGKALAFGHGFNVHFGRIKPPADVDVFLVAPKGPGHMLRRVYTDGAGMPGIFAVQQDASGKARDIALAYARGIGCTKAGVLETTFKEETETDLFGEQSVLCGGVTHLIQAGFETLVEAGYQPEIAYFETLHEVKLIVDLIYEKGFEGMRHSISNTAEFGDYVTGPRIITDQTKAEMKNVLGDIQSGKFAESFIKDAESGFPYMNEQRSKMRDHTVEKVGKELRDQMPFINKKELEV,workflows/example_workflow/fasta/kari_example_ec_1_1_1_86.fasta
sp|Q18GT4|ILVC_HALWD,sp|Q18GT4|ILVC_HALWD,Q18GT4,ILVC_HALWD,MTETKTQTETETDEEEGTDTDTALDTTIYYDDDADREYIDDKTVAVLGYGSQGHAHAQNLADSGIDVIVGLYEGSSSRDAARADGLRVETPATAADEADIVSVLVPDTVQPDVFEAIQDGLDAGDTLQFAHGFNIHYNQIQPPADVDVTMVAPKAPGHLVRRNYEAGEGTPGLVAVYQNTTGTARKEAVAYAHAIGCTRAGAIETTFREETETDLFGEQAVLCGGATALVKQGYETLVDAGYSPEMAYFECLNELKLIVDLMYEGGLSEMWNSVSDTAEYGGLTRGNQVIDESVREEMESILEGVQDGTFAREWISENQANRPSYTQLKAAEEAHEIEAVGEPLRDLFAWSDNEETNDESDVVSEPEAAADD,workflows/example_workflow/fasta/kari_example_ec_1_1_1_86.fasta
sp|Q81G13|ILVC1_BACCR,sp|Q81G13|ILVC1_BACCR,Q81G13,ILVC1_BACCR,MAKVYYEKDVTVNVLKEKKVAIIGYGSQGHAHAQNLRDNGFDVVVGLRKGKSWDKANEDGFSVYTVAEAAEKADVVMILLPDELQPEVYEAEIAPNLQAGNSLVFAHGFNVHFDQVKPPANVDVFLVAPKGPGHLVRRTFAEGGAVPALFAVYQDATGVATEKALSYADGIGATRAGVLETTFKEETETDLFGEQAVLCGGVTALVKAGFETLVDAGYQPELAYFECLHELKLIVDLMYEGGLENMRYSVSDTAQWGDFVSGPRVVTEDTKKAMGAVLAEIQDGTFARGWIAEHKAGRPNFHATNEKENKHEIEVVGRKLREMMPFVQPRVKVGVK,workflows/example_workflow/fasta/kari_example_ec_1_1_1_86.fasta
sp|Q9UWX9|ILVC_SACS2,sp|Q9UWX9|ILVC_SACS2,Q9UWX9,ILVC_SACS2,MKCTSKIYTDNDANLDLIKGKRIAVLGYGSQGRAWAQNLRDSGLNVVVGLEREGKSWELAKSDGITPLHTKDAVKDADIIIFLVPDMVQRTLWLESVQPYMKKGADLVFAHGFNIHYKLIDPPKDSDVYMIAPKGPGPTVREYYKAGGGVPALVAVHQDVSGTALHKALAIAKGIGATRAGVIPTTFKEETETDLFGEQVILVGGIMELMRAAFETLVEEGYQPEVAYFETINELKMLVDLVYEKGISGMLKAVSDTAKYGGMTVGKFVIDESVRKRMKEALQRIKSGKFAEEWVEEYGRGMPTVVNGLSNVQNSLEEKIGNQLRDLVQKGKPKS,workflows/example_workflow/fasta/kari_example_ec_1_1_1_86.fasta
sp|Q9Z565|ILVC1_STRCO,sp|Q9Z565|ILVC1_STRCO,Q9Z565,ILVC1_STRCO,MAELFYDADADLSIIQGRKVAVIGYGSQGHAHALSLRDSGVDVRVGLHEGSKSKAKAEEQGLRVVPVAEAAAEADVIMILVPDPIQAEVYEKDIKDNLKDGDALFFGHGLNIRYGFIKPPAGVDVCMVAPKGPGHLVRRQYEEGRGVPCIAAVEQDATGNAFALALSYAKGIGGTRAGVIKTTFTEETETDLFGEQAVLCGGTAALVKAGFETLTEAGYQPEIAYFECLHELKLIVDLMYEGGLEKMRWSISETAEWGDYVTGPRIITDATKAEMKKVLAEIQDGTFAKNWMDEYHGGLKKYNEYKKQDSEHLLETTGKELRKLMSWVDEEA,workflows/example_workflow/fasta/kari_example_ec_1_1_1_86.fasta
sp|Q8FBR2|ILVC_ECOL6,sp|Q8FBR2|ILVC_ECOL6,Q8FBR2,ILVC_ECOL6,MANYFNTLNLRQQLAQLGKCRFMGRDEFADGASYLQGKKVVIVGCGAQGLNQGLNMRDSGLDISYALRKEAIAEKRASWRKATENGFKVGTYEELIPQADLVVNLTPDKQHSDVVRTVQPLMKDGAALGYSHGFNIVEVGEQIRKDITVVMVAPKCPGTEVREEYKRGFGVPTLIAVHPENDPKGEGMAIAKAWAAATGGHRAGVLESSFVAEVKSDLMGEQTILCGMLQAGSLLCFDKLVEEGTDPAYAEKLIQFGWETITEALKQGGITLMMDRLSNPAKLRAYALSEQLKEIMAPLFQKHMDDIISGEFSSGMMADWANDDKKLLTWREETGKTAFETAPQYEGKIGEQEYFDKGVLMIAMVKAGVELAFETMVDSGIIEESAYYESLHELPLIANTIARKRLYEMNVVISDTAEYGNYLFSYACVPLLKPFMAELQPGDLGKAIPEGAVDNAQLRDVNEAIRSHAIEQVGKKLRGYMTDMKRIAVAG,workflows/example_workflow/fasta/kari_example_ec_1_1_1_86.fasta
sp|Q58938|ILVC_METJA,sp|Q58938|ILVC_METJA,Q58938,ILVC_METJA,MVKIFYDKDVTFDAVKDKTIAVIGYGSQGRAQALNMKDSGLNVIVGLRPNGASWNKAIKDGHKVMTIEEAAEKADIIHILIPDEVQPAVYKKQIEPYLTEGKTISFSHGYNIHYGFIRPPENVNITMVAPKSPGAMVRKTYEEGFGVPGLVAVERDYTGDALQIALGMAKGIGLTKVGVIQTTFREETETDLFGEQVVLCGGVTELIKAAFETLVEAGYAPEMAYFETCHELKLIVDLIYQKGLQGMWENVSNTAEYGGLTRRARVINEESRKAMKEILKEIQDGRFAKEWSLEREAGFPHLNALRRLEKEHLIEKVGKELRKMCGLEKE,workflows/example_workflow/fasta/kari_example_ec_1_1_1_86.fasta
sp|O33114|ILVC_MYCLE,sp|O33114|ILVC_MYCLE,O33114,ILVC_MYCLE,MFYDDNADLSIIQRRKVGVIGYGSQGYAHSLSLRDSGVQVRVGLPEGSKSRPKAFEQGLDVDTPAEVAKWADVIMLLVPDTAQADVFENDIEPNLQPGDALFFGHGLNIHFELVKPSGDVTVAMVAPKGPGYLVRRQFVDGKGVPCLIAVNQDPTGTGEALALSYAKAIGGTRAGVIKTTFKDETETDLFGEQAVLCGGTEELVKAGFDVMVEAGYPPEMAYFEVLHELKLIVDLMYEGGIARMNYSVSDTAEFGGYLSGPRVIDADTKERMRGILRDIQDGSFVKKLVANVEGGNKQLEVLRKENAEHPIEVTGKKLRDLMSWVDRQSTETA,workflows/example_workflow/fasta/kari_example_ec_1_1_1_86.fasta
